Modèle,MAE,RMSE
MLP,1.9251651686065046,2.55599675012514
RNN,1.0534884238729672,1.478877385204751
LSTM,1.3565416452836014,1.8340103192584132
