Modèle,MAE,RMSE
MLP,10.534083588269292,11.826418713408957
RNN,2.9367061070033476,3.835851427938525
LSTM,2.6150543212890622,3.825171036525744
