Modèle,MAE,RMSE
MLP,21.179750279017856,25.544871586929737
RNN,6.988169269172513,11.609979032422647
LSTM,8.989368547712054,13.465971679740631
