Modèle,MAE,RMSE
MLP,25.02811347805724,34.84810352424611
RNN,10.225677863919003,14.23071963459854
LSTM,10.942701939174107,14.876705409072372
